{
  "integrations": [
    {
      "id": "748a3fc5-b477-4895-b746-eeab38c65542",
      "name": "Alarm Comments",
      "action": "RUN_SCRIPT",
      "type": "OUTBOUND_WEBHOOK",
      "triggeredBy": "ANNOTATION",
      "deployed": true,
      "form": "8869e894-4b2c-458e-bba8-ba463605e866",
      "script": "var CiscoPrime = require( 'CiscoPrime' );\n\nvar payload = JSON.parse(request.body);\n\n\nif (payload.eventProperties && Array.isArray(payload.eventProperties)) {\n    var eventProperties = payload.eventProperties;\n    payload.eventProperties = {};\n\n    for (var i = 0; i < eventProperties.length; i++) {\n        var eventProperty = eventProperties[i];\n        var key = Object.keys(eventProperty)[0];\n        payload.eventProperties[key] = eventProperty[key];\n    }\n}\n\nvar msg = payload.author.targetName + ': ' + payload.comment;\nCiscoPrime.annotate( payload.eventProperties.alarmId, msg );\n\n",
      "environment": "ONPREMISE",
      "authType": "NONE"
    },
    {
      "id": "abd8ccb3-ad1a-4c33-8622-23ad4415cf0b",
      "name": "Alarm Response",
      "action": "RUN_SCRIPT",
      "type": "OUTBOUND_WEBHOOK",
      "triggeredBy": "RESPONSE",
      "deployed": true,
      "form": "8869e894-4b2c-458e-bba8-ba463605e866",
      "script": "\nvar CiscoPrime = require( 'CiscoPrime' );\n\nvar payload = JSON.parse(request.body);\n\n\nif (payload.eventProperties && Array.isArray(payload.eventProperties)) {\n    var eventProperties = payload.eventProperties;\n    payload.eventProperties = {};\n\n    for (var i = 0; i < eventProperties.length; i++) {\n        var eventProperty = eventProperties[i];\n        var key = Object.keys(eventProperty)[0];\n        payload.eventProperties[key] = eventProperty[key];\n    }\n}\n\nvar msg = payload.recipient + ' responded with ' + payload.response +\n        ' on their ' + payload.device + ' device to xMatters event ' +\n        payload.eventIdentifier;\n        \nif( payload.response == 'Acknowledge' ){\n\n   CiscoPrime.acknowledge( payload.eventProperties.alarmId, msg );\n}\n\nelse if ( payload.response == 'Clear' ) {\n\n   CiscoPrime.clear( payload.eventProperties.alarmId, msg );\n}\n\n\nelse if( payload.response == 'Test' ) {\n    \n}",
      "environment": "ONPREMISE",
      "authType": "NONE"
    },
    {
      "id": "31822dfa-5337-49cb-b981-d22046ce93d0",
      "name": "Inbound Poller",
      "action": "RUN_SCRIPT",
      "type": "INBOUND_WEBHOOK",
      "deployed": true,
      "script": "var CiscoPrime = require( 'CiscoPrime' );\nvar moment     = require( 'moment' );\nrequire( 'moment-tz' );\n\n// 2018-12-26T08:57:18.512-05:00\nvar data = JSON.parse( request.body );\n\n\n\nvar start = moment()\n   .subtract( constants['Poller Interval' ], 'minutes' )\n   .format( 'YYYY-MM-DDTHH:mm:ssZ' );\n\nconsole.log( \"START: \" + start );\n\n// CRITICAL, MAJOR, MINOR, WARNING, CLEARED, INFORMATION\nvar severityList = ['CRITICAL', 'MAJOR'];\n\nfor( var sev in severityList ) {\n    var opts =  {\n        alarmFoundAt:  'gt(' + encodeURIComponent('\"' + start + '\"' ) + ')',\n        severity: severityList[sev],\n        acknowledgementStatus: false\n    }\n    \n    \n    var alarmReq = CiscoPrime.getAlarms( opts );\n    \n    \n    var alarms = alarmReq.queryResponse.entityId;\n    var queryResp;\n    \n    // For now just take the \"last\" one?\n    for( var a in alarms ){\n        queryResp = CiscoPrime.getAlarm( alarms[a]['$'] ); \n        alarm = queryResp.queryResponse.entity[0].alarmsDTO;\n    \n        //console.log( 'Entity: ' + JSON.stringify( alarm, null, 3 ) );\n        \n        CiscoPrime.sendAlarmToInbound( alarm );\n    }\n    \n}\n\n\n\n\n\n",
      "environment": "ONPREMISE",
      "authType": "URL"
    },
    {
      "id": "288fe225-f0fc-4aca-aa55-e777477900dc",
      "name": "New Alarm",
      "action": "CREATE_EVENT",
      "type": "INBOUND_WEBHOOK",
      "deployed": true,
      "form": "8869e894-4b2c-458e-bba8-ba463605e866",
      "script": "var CiscoPrime = require( 'CiscoPrime' );\nvar payload = JSON.parse(request.body);  //Use this if the payload is a JSON object in the request body\n\nvar properties = CiscoPrime.buildEventPayload( payload );\n\ntrigger.properties = properties;\n\nform.post( trigger );\n\n",
      "environment": "HOSTED",
      "authType": "URL"
    }
  ],
  "endpoints": [
    {
      "name": "Cisco Prime",
      "baseUrl": "https://prime-hostname",
      "type": "EXTERNAL",
      "authentication": "NO_AUTH"
    }
  ],
  "constants": [
    {
      "name": "Inbound Alarm Endpoint",
      "value": "/api/integration/1/functions/UUID_HERE/triggers?apiKey=API_KEY_HERE",
      "description": "Endpoint for the 'Inbound Alarm' inbound integration"
    },
    {
      "name": "Poller Interval",
      "value": "5",
      "description": "Minutes between poller polls (cron job or scheduled job interval)"
    }
  ]
}